Average Inference Time (ms),Standard Deviation,Top 1,Reference Top 1,Top 5,Reference Top 5
157.50173611111111,1.2791437818407723,87.96000000000001,70.1,97.69,88.9
